"Taint analysis NodeRED",,"warning","FLOW_DESCR_START::Source: gender. ... ational;lemonde.js:62[43:67];Sink: data.ap ... ata.rss;lemonde.js:46[15:44]::FLOW_DESCR_END","/api/lemonde.js","62","43","62","67"
"Taint analysis NodeRED",,"warning","FLOW_DESCR_START::Source: gender.type_cultural;lemonde.js:65[43:62];Sink: data.ap ... ata.rss;lemonde.js:46[15:44]::FLOW_DESCR_END","/api/lemonde.js","65","43","65","62"
"Taint analysis NodeRED",,"warning","FLOW_DESCR_START::Source: gender. ... ational;lemonde.js:68[43:67];Sink: data.ap ... ata.rss;lemonde.js:46[15:44]::FLOW_DESCR_END","/api/lemonde.js","68","43","68","67"
"Taint analysis NodeRED",,"warning","FLOW_DESCR_START::Source: gender.type_pixel;lemonde.js:71[43:59];Sink: data.ap ... ata.rss;lemonde.js:46[15:44]::FLOW_DESCR_END","/api/lemonde.js","71","43","71","59"
"Taint analysis NodeRED",,"warning","FLOW_DESCR_START::Source: gender. ... litique;lemonde.js:74[43:63];Sink: data.ap ... ata.rss;lemonde.js:46[15:44]::FLOW_DESCR_END","/api/lemonde.js","74","43","74","63"
"Taint analysis NodeRED",,"warning","FLOW_DESCR_START::Source: gender.type_societe;lemonde.js:77[43:61];Sink: data.ap ... ata.rss;lemonde.js:46[15:44]::FLOW_DESCR_END","/api/lemonde.js","77","43","77","61"
"Taint analysis NodeRED",,"warning","FLOW_DESCR_START::Source: gender.type_sport;lemonde.js:80[43:59];Sink: data.ap ... ata.rss;lemonde.js:46[15:44]::FLOW_DESCR_END","/api/lemonde.js","80","43","80","59"
"Taint analysis NodeRED",,"warning","FLOW_DESCR_START::Source: gender.type_world;lemonde.js:83[43:59];Sink: data.ap ... ata.rss;lemonde.js:46[15:44]::FLOW_DESCR_END","/api/lemonde.js","83","43","83","59"
"Taint analysis NodeRED",,"warning","FLOW_DESCR_START::Source: gender. ... ational;lemonde.js:86[43:67];Sink: data.ap ... ata.rss;lemonde.js:46[15:44]::FLOW_DESCR_END","/api/lemonde.js","86","43","86","67"
"Taint analysis NodeRED",,"warning","FLOW_DESCR_START::Source: msg;news.js:40[39:41];Sink: msg;news.js:48[21:23]::FLOW_DESCR_END","/news.js","40","39","40","41"
